file_name,x1,y1,x2,y2,IoU,center_distance,inference_time
image_customer/2/2.jpg,318,81,503,332,0.844573678097549,13.317419044244252,0.49767041206359863
image_customer/2/2_2.jpg,192,42,349,247,0.7197571910976434,25.020768373493247,0.23897194862365723
image_customer/2/2_3.jpg,506,158,779,545,0.8374566694830999,17.834621526682316,0.833707332611084
image_customer/2/2_4.jpg,269,21,453,268,0.8801255016528754,10.266680330077486,0.23348116874694824
image_customer/1/1.jpg,88,86,217,248,0.8885342461946085,0.6248199740725099,0.18292760848999023
image_customer/1/1_2.jpg,185,124,428,434,0.7962677440649064,16.779667755947944,0.35990047454833984
image_customer/1/1_3.jpg,253,117,438,356,0.8273913235064316,15.054562431369435,0.3701670169830322
image_customer/1/1_4.jpg,368,306,632,632,0.8238946882753185,19.64425170374277,0.7831227779388428
image_customer/3/3.jpg,195,56,301,206,0.8591730817069704,3.184462277999228,0.18984460830688477
image_customer/3/3_2.jpg,147,77,288,291,0.9199154695584384,6.465626419767851,0.23320937156677246
image_customer/3/3_3.jpg,56,27,146,146,0.8296105655793403,7.39155261092012,0.14193415641784668
image_customer/3/3_4.jpg,90,281,401,704,0.9354849102571928,4.610531422732104,0.48470115661621094
image_customer/4/4.jpg,355,124,586,462,0.9033545838606218,9.138087874386011,0.4958221912384033
image_customer/4/4_2.jpg,286,120,547,495,0.8968104276420641,14.127267959517134,0.44449472427368164
image_customer/4/4_3.jpg,356,96,556,379,0.929877410541359,7.737048855991535,0.36672425270080566
image_customer/4/4_4.jpg,184,53,434,403,0.8845373416105392,15.425292541796424,0.24389910697937012
image_customer/5/5.jpg,261,295,862,1122,0.813610578745923,54.42500987597527,1.6487102508544922
image_customer/5/5_2.jpg,221,49,384,278,0.8405846327234273,13.79653579707602,0.2108926773071289
image_customer/5/5_3.jpg,149,33,285,224,0.8853406235569542,8.268647108203373,0.21433377265930176
image_customer/5/5_4.jpg,256,90,445,342,0.8693530362244162,11.080529093865524,0.23474669456481934
image_customer/6/6.jpg,89,115,288,351,0.7472607319588571,29.05074224525082,0.1866459846496582
image_customer/6/6_3.jpg,198,104,365,312,0.785596309647477,20.573374176347453,0.2772715091705322
image_customer/6/6_2.jpg,239,47,368,219,0.856622089598262,10.861491610271592,0.23404216766357422
image_customer/6/6_4.jpg,220,143,450,438,0.8119184212713373,25.315143689104342,0.4863114356994629
image_customer/7/7.jpg,103,80,246,273,0.7722190994983831,19.62034913043087,0.3170773983001709
image_customer/7/7_2.jpg,105,37,189,136,0.827914160007867,7.081950649362075,0.18482184410095215
image_customer/7/7_3.jpg,94,56,236,253,0.8490304407903798,12.415016109534475,0.27454352378845215
image_customer/7/7_4.jpg,82,72,161,178,0.8127142588555121,7.065573225153061,0.22156357765197754
image_customer/8/8.jpg,42,76,140,202,0.7850731836630434,8.449946745394307,0.1905834674835205
image_customer/8/8_2.jpg,249,72,328,169,0.8838480159021705,4.330565782897202,0.3601808547973633
image_customer/8/8_3.jpg,248,61,401,268,0.8391313355452984,10.575745836582882,0.3827672004699707
image_customer/8/8_4..jpg,495,180,726,487,0.8065526744564141,18.552068617811873,1.01185941696167
image_customer/9/9.jpg,217,57,338,223,0.8721991130127223,9.216557112067376,0.2908952236175537
image_customer/9/9_3.jpg,357,359,1033,1239,0.7980577638014789,72.66398901794486,2.465895891189575
image_customer/9/9_2.jpg,123,32,187,124,0.6999801958009374,9.291942746272177,0.13091492652893066
image_customer/9/9_4.jpg,432,160,614,405,0.8521272913978345,10.948689419286694,0.49166107177734375
image_customer/10/10.jpg,216,154,540,585,0.8802370508942369,21.131737387162424,0.5600059032440186
image_customer/10/10_2.jpg,181,82,400,358,0.8564555935939678,19.390000644662173,0.3594083786010742
image_customer/10/10_3.jpg,238,116,358,267,0.861013342974321,8.713047687233205,0.24979090690612793
image_customer/10/10_4.jpg,83,79,221,270,0.8531620604260813,9.372838417469907,0.16991186141967773
image_customer/11/11.jpg,103,21,186,131,0.7684161854508945,11.743765367206557,0.13543152809143066
image_customer/11/11_2.jpg,253,54,387,237,0.8161659184226392,13.37986920713352,0.2626774311065674
image_customer/11/11_3.jpg,291,87,517,377,0.7858672072335964,21.543218190418994,0.3256080150604248
image_customer/11/11_4.jpg,589,74,873,448,0.7298554643299519,29.489432005381154,0.6211755275726318
image_customer/13/13.jpg,281,52,414,237,0.8842147659663926,5.892997963685382,0.2562713623046875
image_customer/13/13_2.jpg,222,87,398,330,0.8840139730433029,1.9456939636027184,0.2888972759246826
image_customer/13/13_4.jpg,246,50,434,308,0.9030217999353148,8.91982342874566,0.25437378883361816
image_customer/13/13_3.jpg,196,28,321,209,0.8652263071440783,6.730975040809468,0.21019530296325684
image_customer/12/12.jpg,123,70,243,221,0.8600100116264904,7.821090077476428,0.21726012229919434
image_customer/12/12_2.jpg,78,79,189,227,0.9276399085207667,1.033150521463355,0.1682724952697754
image_customer/12/12_3.jpg,73,58,163,174,0.8918512473366751,0.2860069929214946,0.1305098533630371
image_customer/12/12_4.jpg,119,90,253,263,0.8832778936220144,7.682740396499158,0.19649100303649902
image_customer/14/14.jpg,117,97,317,380,0.8474357116277094,8.853610845299196,0.23369717597961426
image_customer/14/14_2.jpg,163,33,432,405,0.8282246297021431,26.039987039167286,0.3093245029449463
image_customer/14/14_3.jpg,301,117,541,436,0.8964222433549057,8.354070863956096,0.402341365814209
image_customer/14/14_4.jpg,334,99,544,369,0.8737693122437322,9.782474124678277,0.4429502487182617
image_customer/15/15.jpg,393,55,603,372,0.774046052957008,34.97049113180997,0.43018436431884766
image_customer/15/15_2.jpg,214,72,431,375,0.8319508968019098,22.622715354262862,0.308666467666626
image_customer/15/15_3.jpg,265,47,417,263,0.8531733329376289,13.55499262264645,0.2558310031890869
image_customer/15/15_4.jpg,410,40,564,257,0.7075319204894431,27.585000453144822,0.5458390712738037
image_customer/16/16.jpg,180,119,354,361,0.8176238566868226,18.3406931439354,0.36441540718078613
image_customer/16/16_2.jpg,365,21,588,344,0.771063889930745,32.036674686989585,0.4014308452606201
image_customer/16/16_3.jpg,185,56,298,220,0.8189977949974948,10.273860034086505,0.3775622844696045
image_customer/16/16_4.jpg,111,19,182,115,0.8014231173838616,6.394577781214336,0.18065214157104492
image_customer/17/17.jpg,274,138,532,497,0.8513933255546873,27.25176324570577,1.1243999004364014
image_customer/17/17_2.jpg,383,97,553,328,0.9016115934108778,7.246064449064766,0.7634005546569824
image_customer/17/17_3.jpg,162,56,294,237,0.84758805087575,11.564923259581098,0.3746371269226074
image_customer/17/17_4.jpg,87,47,187,191,0.8190859096324972,9.399650259451153,0.16957759857177734
image_customer/18/18.jpg,399,120,1037,947,0.8209233318459795,26.034232272145037,1.3707711696624756
image_customer/18/18_2.jpg,360,240,867,890,0.8113048204459379,27.091535578479167,1.7104711532592773
image_customer/18/18_3.jpg,108,55,268,259,0.9165151144371975,7.5629442018303905,0.22088885307312012
image_customer/18/18_4.jpg,489,105,814,552,0.8154415242847634,28.45291417412289,0.7378690242767334
image_customer/19/19.jpg,509,150,854,614,0.8672352625411833,27.93670882548624,0.6827387809753418
image_customer/19/19_2.jpg,402,101,641,435,0.8726533470371675,14.903672366232463,0.46025538444519043
image_customer/19/19_3.jpg,422,164,803,688,0.8984781531520287,20.297253508787815,0.8271515369415283
image_customer/19/19_4.jpg,216,274,609,838,0.9023146503061104,12.204314810754457,0.6136946678161621
image_customer/20/20.jpg,50,25,136,135,0.7225210558077099,14.81675149956966,0.1280839443206787
image_customer/20/20_2.jpg,174,65,295,219,0.7012426818759299,21.923804984536776,0.18289685249328613
image_customer/20/20_3.jpg,208,164,431,488,0.69890574503445,45.07210473230642,0.295360803604126
image_customer/20/20_4.jpg,421,54,757,458,0.7832182325948907,41.12307685472962,0.4249289035797119
image_customer/21/21.jpg,174,29,319,222,0.7016713794579891,31.153530297544123,0.23292183876037598
image_customer/21/21_3.jpg,171,46,359,291,0.8099778535712167,19.029094171820173,0.3041496276855469
image_customer/21/21_2.jpg,108,19,171,106,0.7773584855557469,6.823580438450177,0.14204645156860352
image_customer/21/21_4.jpg,73,23,148,124,0.870402347902447,4.070433023647489,0.15453457832336426
image_customer/22/22.jpg,74,30,124,98,0.7186707927286371,8.430539721749733,0.13933730125427246
image_customer/22/22_3.jpg,480,106,635,334,0.8760010625960419,11.67283277529495,0.5385098457336426
image_customer/22/]22_2.jpg,1309,232,1829,957,0.7950564149618738,36.19797818939615,4.852020502090454
image_customer/22/22_4.jpg,472,102,732,446,0.8287356990237555,30.86622749867565,0.6632392406463623
image_customer/23/23.jpg,351,150,737,669,0.8186655380431027,34.313190612357815,1.2420122623443604
image_customer/23/23_2.jpg,117,42,270,251,0.8224157364439089,13.366990124930876,0.22531461715698242
image_customer/23/23_3.jpg,832,101,1080,428,0.9228421799319931,5.646939436544325,1.8237545490264893
image_customer/23/23_4.jpg,517,62,675,296,0.9253275957832329,2.7963547700532434,0.41556835174560547
image_customer/25/25.jpg,104,81,263,297,0.8516019090172758,6.473117486960964,0.2212352752685547
image_customer/25/25_2.jpg,255,94,396,274,0.8615866600645636,11.90667984788368,0.2388153076171875
image_customer/25/25_3.jpg,313,286,728,806,0.9107682486784875,14.429485437811044,0.9920694828033447
image_customer/25/25_4.jpg,704,196,1108,736,0.8970206836451811,20.452805431040478,1.3000953197479248
image_customer/24/24.jpg,214,89,414,343,0.8648279213705194,15.07467495503634,0.2480618953704834
image_customer/24/24_4.jpg,294,360,799,1000,0.7879138048410607,53.07662385645872,1.3368127346038818
image_customer/24/24_2.jpg,117,32,156,78,0.7196590453532772,6.141025972913646,0.1338043212890625
image_customer/24/24_3.jpg,115,47,195,145,0.8196456953188215,7.163736804210501,0.1385188102722168
image_customer/26/26.jpg,276,272,813,1027,0.8847574240257258,18.267185059554198,2.0383803844451904
image_customer/26/26_2.jpg,221,69,375,299,0.9297409297112877,1.1300663697323337,0.31939244270324707
image_customer/26/26_3.jpg,293,114,490,394,0.8932438999756594,8.42229927038934,0.5063755512237549
image_customer/26/26_4.jpg,953,580,1743,1695,0.8863953894845633,42.424744253796085,9.251227855682373
image_customer/27/27.jpg,222,108,499,485,0.8889879608407866,11.211141779497732,0.5168185234069824
image_customer/27/27_2.jpg,162,158,485,591,0.8904720483639696,21.360037453150643,0.33359837532043457
image_customer/27/27_3.jpg,110,115,273,344,0.9347486680542741,1.7029973576021757,0.20244240760803223
image_customer/27/27_4.jpg,123,154,391,507,0.8084834597570582,29.623488147076767,0.36246752738952637
image_customer/28/28.jpg,313,105,541,384,0.8377727516541092,5.0335126899611415,0.4379904270172119
image_customer/28/28_2.jpg,207,29,384,246,0.8458705633000712,9.84963958731488,0.3365952968597412
image_customer/28/28_3.jpg,73,26,180,156,0.9157358902786993,2.7809530740377424,0.1848769187927246
image_customer/28/28_4.jpg,415,82,681,405,0.808871203221017,22.861594432585004,0.8805136680603027
image_customer/29/29.jpg,108,260,532,764,0.900797334127557,24.619270907157304,0.7331132888793945
image_customer/29/29_2.jpg,235,52,315,164,0.7740214801998906,12.41058016371515,0.3815140724182129
image_customer/29/29_3.jpg,553,159,677,331,0.8391925984771273,3.958850843363548,0.8884687423706055
image_customer/29/29_4.jpg,60,92,254,381,0.8879957007796172,7.4671296359444534,0.16935372352600098
image_customer/30/30_4.jpg,44,58,141,189,0.8508544057432684,8.34194971214765,0.15705108642578125
image_customer/30/30_3.jpg,58,51,152,174,0.7670695932959118,13.29628707572155,0.17396855354309082
image_customer/30/30_2.jpg,54,51,146,178,0.8651523296230892,5.418860581339963,0.14154481887817383
image_customer/30/30.jpg,175,132,390,432,0.9604560968899423,3.606306975286467,0.3271152973175049
image_customer/31/31_3.jpg,213,160,592,673,0.8056633467101754,33.89921090527036,0.7137343883514404
image_customer/31/31_4.jpg,45,76,135,205,0.788443287449113,3.3751148128619106,0.13962173461914062
image_customer/31/31.jpg,573,111,844,473,0.8642362864322634,3.7274153243232977,0.5428483486175537
image_customer/31/31_2.jpg,406,149,634,469,0.794694171587041,24.858564419531554,0.6374597549438477
image_customer/32/32.jpg,158,118,408,452,0.8277787472110395,24.939050703665536,0.343034029006958
image_customer/32/32_2.jpg,297,81,466,308,0.809379775194287,16.714638045737033,0.4072761535644531
image_customer/32/32_4.jpg,203,58,302,195,0.7998257624738863,9.25398427705603,0.17536282539367676
image_customer/32/32_3.jpg,35,50,135,192,0.8450729920412953,8.550901999204521,0.13722538948059082
image_customer/33/33.jpg,42,39,157,195,0.9328772689416875,4.663115911062044,0.13727927207946777
image_customer/33/33_2.jpg,199,126,424,440,0.8586617327198601,16.337074401495528,0.3616609573364258
image_customer/33/33_4.jpg,325,194,644,614,0.8600969036766478,20.54279739957541,1.184746503829956
image_customer/33/33_3.jpg,36,51,138,187,0.9140318161190197,4.00512796299944,0.13675212860107422
image_customer/34/34_3.jpg,515,142,797,535,0.926525882713408,9.264400952031393,0.7357351779937744
image_customer/34/34_4.jpg,271,316,862,1097,0.8840257937541025,26.64542784419117,1.7779476642608643
image_customer/34/34.jpg,56,59,132,155,0.914121690206277,2.825783077307942,0.15266633033752441
image_customer/34/34_2.jpg,110,27,179,118,0.8440523545224146,4.159146547069475,0.13337326049804688
image_customer/35/35_3.jpg,229,130,443,433,0.8492310539334191,4.336553931406812,0.4163243770599365
image_customer/35/35_4.jpg,961,852,2256,2651,0.8986780658172422,29.13202790744239,15.850903511047363
image_customer/35/35.jpg,98,167,468,705,0.8642709432168028,25.15796891642885,0.8613400459289551
image_customer/35/35_2.jpg,299,317,1127,1393,0.9357916157160688,26.145757304006338,2.847682476043701
image_customer/36/36.jpg,213,35,309,170,0.8943431633820247,4.876033223840884,0.20717740058898926
image_customer/36/36_3.jpg,870,288,1081,602,0.813561995662473,16.221775488521562,2.3707029819488525
image_customer/36/36_2.jpg,72,37,142,137,0.8558412061739482,4.321116753803355,0.1788473129272461
image_customer/36/36_4.jpg,133,35,204,124,0.8792004680566097,4.4769437119535125,0.1504652500152588
image_customer/37/37_3.jpg,91,10,183,119,0.7856227341243005,4.587616483534781,0.15035104751586914
image_customer/37/37_4.jpg,122,18,201,129,0.8692616551389072,5.048160556083766,0.17552423477172852
image_customer/37/37_2.jpg,328,143,476,349,0.9056310484910888,3.393302226445517,0.35530734062194824
image_customer/37/37.jpg,463,156,1116,1024,0.7977954400774017,62.84264674566152,1.7205841541290283
image_customer/38/38.jpg,111,21,187,131,0.8438127246236146,3.1609848148955155,0.15090680122375488
image_customer/38/38_2.jpg,130,18,259,190,0.8762674384194493,7.343789893508653,0.20482134819030762
image_customer/38/38_3.jpg,185,60,425,386,0.8674502291036023,16.194360129378396,0.5502233505249023
image_customer/38/38_4.jpg,45,47,122,148,0.8100401861642622,7.35883822352414,0.15716862678527832
image_customer/39/39.jpg,249,59,481,370,0.7832818804654184,16.505235533005866,0.2593417167663574
image_customer/39/39_2.jpg,608,291,937,767,0.9695296434920316,3.949202451128551,1.5319366455078125
image_customer/39/39_4.jpg,509,56,720,329,0.8938023261347818,14.192784258206705,0.876753568649292
image_customer/39/39_3.jpg,342,402,1020,1337,0.8785732846113284,50.01604992399944,2.4402031898498535
image_customer/40/40.jpg,61,54,147,165,0.7802165529857803,9.425450917595404,0.15757274627685547
image_customer/40/40_2.jpg,208,56,339,231,0.8502730791276621,10.53006291529165,0.1914975643157959
image_customer/40/40_3.jpg,334,296,860,1023,0.871244875222837,33.46820319347907,1.5441687107086182
image_customer/40/40_4.jpg,441,288,873,862,0.7475080658405554,69.59704160379236,1.5635828971862793
image_customer/41/41.jpg,119,97,332,389,0.8502477139920809,5.7253668004766265,0.3305082321166992
image_customer/41/41_2.jpg,110,145,417,587,0.8626052373356267,23.948906029294925,0.31249284744262695
image_customer/41/41_3.jpg,768,391,1413,1292,0.7930719957890082,82.20313330402927,6.105267524719238
image_customer/41/41_4.jpg,182,197,509,632,0.8058169956413928,24.054879962286275,0.7011551856994629
image_customer/42/42.jpg,59,32,156,166,0.7671710962689782,12.341385659641315,0.19588994979858398
image_customer/42/42_2.jpg,267,57,399,241,0.7826987680638525,19.06445973532952,0.40962982177734375
image_customer/42/42_3.jpg,369,64,587,396,0.7951872150083115,29.987032614115083,0.5980186462402344
image_customer/42/42_4.jpg,293,223,693,778,0.8000941114320338,50.28307990765883,1.2737860679626465
image_customer/43/43.jpg,61,110,338,488,0.8031735602200454,37.2042151509745,0.2958083152770996
image_customer/43/43_2.jpg,297,208,718,799,0.7530721056121362,64.82439683483365,0.8821706771850586
image_customer/43/43_3.jpg,93,86,268,325,0.7965023200570491,21.341060189222077,0.21384978294372559
image_customer/43/43_4.jpg,173,47,297,221,0.7624045668716148,17.265707341432602,0.19978952407836914
image_customer/44/44.jpg,299,380,961,1333,0.8036382565974685,70.8321898927317,1.6037366390228271
image_customer/44/44_2.jpg,87,70,271,330,0.8675341801370656,10.180287324039531,0.22936558723449707
image_customer/44/44_3.jpg,63,424,609,1186,0.7057850464010992,99.48969506938901,1.3900189399719238
image_customer/44/44_4.jpg,908,481,1661,1454,0.8316651523631711,76.03171394227545,7.0683066844940186
image_customer/45/45.jpg,117,80,287,341,0.7915533985366927,22.457899501066443,0.3658175468444824
image_customer/45/45_2.jpg,760,146,993,508,0.7359320423241127,44.65100782737158,1.6926085948944092
image_customer/45/45_3.jpg,183,179,524,640,0.8015484600616509,37.59368098497404,0.4757840633392334
image_customer/45/45_4.jpg,169,24,225,123,0.6512462179605116,10.894848553330132,0.14644885063171387
image_customer/46/46.jpg,265,83,539,506,0.8085975715823683,30.08937727836851,0.4393763542175293
image_customer/46/46_3.jpg,325,152,829,814,0.7870286290076011,58.18543546283729,1.3514134883880615
image_customer/46/46_4.jpg,575,164,900,629,0.801898734311447,41.81489806277178,1.3291447162628174
image_customer/46/46_2.jpg,120,35,182,122,0.8285463491514896,5.525081447363474,0.14247632026672363
image_customer/47/47.jpg,117,124,361,448,0.7980078980364107,28.496661207938043,0.3059499263763428
image_customer/47/47_2.jpg,203,53,292,176,0.6811088370053218,16.114719978950923,0.18197274208068848
image_customer/47/47_3.jpg,411,100,614,386,0.825758034545365,24.032086883997383,0.5019879341125488
image_customer/47/47_4.jpg,338,197,789,801,0.734351059583496,68.59580398974856,1.2266526222229004
image_customer/48/48.jpg,112,40,417,411,0.7786530047549479,37.896470811937085,0.3681025505065918
image_customer/48/48_3.jpg,731,270,1351,1178,0.883995094189927,36.06341948567819,2.396516799926758
image_customer/48/48_2.jpg,78,0,181,126,0.8835849591606915,6.174933198019228,0.14163923263549805
image_customer/48/48_4.jpg,535,80,770,405,0.7980052333084572,27.87417846323008,0.9840924739837646
image_customer/49/49.jpg,240,107,518,487,0.8234142493414753,30.77313438699411,0.649064302444458
image_customer/49/49_4.jpg,57,61,199,259,0.7838273831624304,15.21010354994337,0.28231215476989746
image_customer/49/49_3.jpg,422,95,691,474,0.7864424408709906,29.43532444190141,0.9356074333190918
image_customer/49/49_2.jpg,65,31,152,152,0.78911280173122,11.685379754205675,0.20430278778076172
image_customer/50/50.jpg,35,47,103,136,0.792972945512304,7.651968700929204,0.211409330368042
image_customer/50/50_2.jpg,340,72,496,301,0.8487748988386609,11.22909836095489,0.4293053150177002
image_customer/50/50_3.jpg,342,135,556,444,0.8598728576043233,2.949550813259572,0.5895767211914062
image_customer/50/50_4.jpg,199,57,322,233,0.8662207609598774,4.861409260697982,0.19730734825134277
image_customer/51/51.jpg,182,160,426,493,0.8728665551405692,14.18729184869333,0.3157937526702881
image_customer/51/51_2.jpg,404,77,796,606,0.8262183699276907,29.215411172872443,0.541534423828125
image_customer/51/51_3.jpg,216,39,363,259,0.8217810356546973,3.620528276370716,0.18948936462402344
image_customer/51/51_4.jpg,70,63,179,199,0.9085685084593956,5.90495131224635,0.14923882484436035
image_customer/52/52.jpg,175,139,451,491,0.8183410043449452,29.4115088018279,0.389085054397583
image_customer/52/52_2.jpg,330,203,505,438,0.8835976493594764,10.074772950295204,0.5779049396514893
image_customer/52/52_4.jpg,728,223,1101,705,0.9000795748243438,14.672015028618189,2.059898614883423
image_customer/52/52_3.jpg,172,164,483,567,0.8459514275793064,18.8630339553318,1.6610569953918457
image_customer/53/53.jpg,416,67,633,385,0.8476869343788802,22.23091990899161,0.3896670341491699
image_customer/53/53_2.jpg,43,16,113,116,0.769627794419693,11.359376083218647,0.14010858535766602
image_customer/53/53_3.jpg,740,99,1007,477,0.7504592182703942,42.38624776976605,1.4908981323242188
image_customer/53/53_4.jpg,76,606,446,959,0.0,782.3439388306143,0.9253511428833008
image_customer/54/54.jpg,260,62,434,276,0.7570072623729539,20.375874214374196,0.23752069473266602
image_customer/54/54_2.jpg,266,121,516,452,0.8421112043012053,19.498955100209884,0.42619919776916504
image_customer/54/54_3.jpg,299,58,501,316,0.7866872882466356,23.44998294242452,0.3815317153930664
image_customer/54/54_4.jpg,928,320,1216,699,0.9111565813017787,7.671741979498499,3.0373849868774414
image_customer/55/55.jpg,194,42,405,312,0.8191889302081523,21.182805527125048,0.3602266311645508
image_customer/55/55_2.jpg,58,60,170,209,0.8926075382974228,2.526801337659907,0.1672840118408203
image_customer/55/55_3.jpg,138,0,295,205,0.8139704940098709,16.638299191924638,0.17278051376342773
image_customer/55/55_4.jpg,766,283,1469,1209,0.9325204857043032,12.061453063375069,2.534066915512085
image_customer/56/56.jpg,62,51,161,192,0.8814572271156033,7.352878687969759,0.14233088493347168
image_customer/56/56_2..jpg,473,107,740,481,0.8551058339527257,24.22838521239088,0.721606969833374
image_customer/56/56_3.jpg,112,97,276,315,0.7836254188420118,22.28967137487676,0.23731446266174316
image_customer/56/56_4.jpg,302,302,852,1038,0.7327256686797752,82.51166765979221,0.9966678619384766
image_customer/57/57.jpg,73,117,297,397,0.8569569959540126,17.259696550055573,0.25061964988708496
image_customer/57/57_3.jpg,49,34,169,197,0.8123305548111364,12.142440034852955,0.15854239463806152
image_customer/57/57_2.jpg,723,261,1134,820,0.7763951691976051,51.86079178917335,2.527233839035034
image_customer/57/57_4.jpg,47,41,160,188,0.8279704597707365,9.185941704583156,0.22742867469787598
image_customer/58/58.jpg,69,40,151,151,0.7571891904603164,14.04474367868635,0.22200798988342285
image_customer/58/58_3.jpg,165,95,319,322,0.8444685838310979,11.906792179256353,0.3627510070800781
image_customer/58/58_2.jpg,55,55,132,156,0.8025408381418221,9.075655623700143,0.19701814651489258
image_customer/58/58_4.jpg,897,104,1163,461,0.7600839529674849,33.69534240811332,3.4350547790527344
image_customer/59/59.jpg,218,196,409,472,0.80305896515801,25.368208450736137,0.5779850482940674
image_customer/59/59_3.jpg,60,97,225,319,0.7658835614912345,22.30580417738844,0.3868999481201172
image_customer/59/59_2.jpg,116,38,187,137,0.841027302145688,5.591140313030957,0.23174357414245605
image_customer/59/59_4.jpg,281,315,807,1040,0.7629576322371554,79.20465974297215,1.9192516803741455
image_customer/60/60.jpg,216,341,449,652,0.7651398477987342,31.62503952566699,0.5441145896911621
image_customer/60/60_2.jpg,1223,269,1911,1185,0.8234965521504002,69.07465472226407,8.010460615158081
image_customer/60/60_4.jpg,367,112,642,469,0.7525698189346324,41.6863445866869,0.6770546436309814
image_customer/60/60_3.jpg,145,28,190,86,0.7468022067313795,6.628170939256167,0.14183712005615234
image_customer/62/62_3.jpg,81,39,137,116,0.779466124822489,6.166360352752664,0.21866655349731445
image_customer/62/62.jpg,33,63,161,233,0.8383978801143682,11.60694727307745,0.19478178024291992
image_customer/62/62_2.jpg,111,67,240,243,0.7870731986116554,14.083227613015422,0.3020002841949463
image_customer/62/62_4.jpg,106,58,234,233,0.7763596320474238,16.193326557566877,0.3062257766723633
image_customer/63/63.jpg,67,15,155,140,0.8028834522430605,8.682194423070705,0.1901998519897461
image_customer/63/63_2.jpg,513,383,1262,1430,0.7452675660943275,125.49936503823446,3.8763413429260254
image_customer/63/63_3.jpg,184,85,325,303,0.7414059519196868,23.262107062774852,0.21431970596313477
image_customer/63/63_4.jpg,70,33,140,126,0.7602150541870016,10.160852572496072,0.14003658294677734
image_customer/64/64.jpg,71,43,151,156,0.8084753054561533,8.809774401197803,0.1276836395263672
image_customer/64/64_2.jpg,338,304,668,778,0.79162173898521,41.341684169854574,0.8673262596130371
image_customer/64/64_3.jpg,80,25,130,98,0.8136961169378368,4.540099117860748,0.13840007781982422
image_customer/64/64_4.jpg,966,109,1137,345,0.7782471151342799,20.85537640513832,1.7214446067810059
image_customer/65/65.jpg,49,45,128,156,0.7982389963481153,9.557119074281754,0.13000202178955078
image_customer/65/65_2.jpg,889,238,1231,693,0.8741545562950218,17.01994712095193,1.998718500137329
image_customer/65/65_3.jpg,327,56,461,245,0.8042337392827337,13.875608995644109,0.3076748847961426
image_customer/65/65_4.jpg,328,94,461,281,0.745880164479217,16.485412491047946,0.3689272403717041
image_customer/66/66.jpg,51,62,133,185,0.7579631578172135,14.525580883393257,0.15603089332580566
image_customer/66/66_2.jpg,85,23,144,105,0.7246781801285569,11.405481138470222,0.15549564361572266
image_customer/66/66_3.jpg,365,109,583,421,0.8453948446607622,23.03009172799793,0.43982744216918945
image_customer/66/66_4.jpg,384,102,604,423,0.8130901044965794,25.339511636967284,0.43302369117736816
image_customer/67/67.jpg,50,84,131,194,0.7834703179918757,11.30377149450573,0.1471083164215088
image_customer/67/67_2.jpg,335,249,706,782,0.7988746157023594,44.73170491944159,1.1088545322418213
image_customer/67/67_3.jpg,29,39,118,167,0.8103137537876676,11.730474201838549,0.21247196197509766
image_customer/67/67_4.jpg,610,207,1103,835,0.7691535507707684,72.19243260203936,3.9074583053588867
image_customer/68/68.jpg,59,39,170,165,0.6492240200507987,20.064068007261145,0.15419769287109375
image_customer/68/68_3.jpg,317,47,417,177,0.8218986550222449,11.321352613535185,0.25458335876464844
image_customer/68/68_2.jpg,52,74,250,329,0.7709852943987542,21.730983065659967,0.18601775169372559
image_customer/68/68_4.jpg,122,68,246,224,0.8390382303824525,4.9089331834931365,0.1969461441040039
image_customer/69/69.jpg,61,27,166,166,0.7018446499274466,22.026464196506893,0.1608583927154541
image_customer/69/69_2.jpg,57,31,274,320,0.7316231521868953,40.413421656672455,0.1913304328918457
image_customer/69/69_4.jpg,445,146,762,537,0.7290622544887305,56.836843904284464,1.517458200454712
image_customer/69/69_3.jpg,60,54,245,301,0.727824468023255,33.491206308522244,0.1924278736114502
image_customer/71/71.jpg,191,158,491,549,0.8145124025532282,35.34939638805736,0.6143178939819336
image_customer/71/71_2.jpg,1668,340,2281,1200,0.7817179343649396,64.40849361691347,8.276510238647461
image_customer/71/71_4.jpg,832,174,1086,494,0.7800185609791289,23.127123145778437,2.042900800704956
image_customer/71/71_3.jpg,122,28,174,96,0.8194463154402465,4.682352507020363,0.13612127304077148
image_customer/70/70.jpg,334,82,568,420,0.7356449703233919,38.82157776288852,0.36327576637268066
image_customer/70/70_2.jpg,216,39,322,182,0.8279057616943272,11.629472258017566,0.18694543838500977
image_customer/70/70_3.jpg,287,48,611,465,0.8123246631209575,28.12647240590259,0.43340063095092773
image_customer/70/70_4.jpg,123,34,324,309,0.8262899378399542,20.598800935976836,0.3407096862792969
image_customer/72/72.jpg,198,643,751,1405,0.7946819395821244,70.68081776550133,1.6197013854980469
image_customer/72/72_2.jpg,477,697,1266,1679,0.7683699414474215,97.13141227224081,5.436852931976318
image_customer/72/72_3.jpg,315,503,464,691,0.802909828056454,15.702513333858365,1.0050740242004395
image_customer/72/72_4.jpg,141,113,246,234,0.7543762673895579,12.954400796640508,0.3243234157562256
image_customer/61/61_2.jpg,155,45,295,237,0.7110095268627382,26.476201578020962,0.32135629653930664
image_customer/61/61_3.jpg,135,46,215,159,0.7380517448068542,14.627136596066915,0.24818015098571777
image_customer/61/61_4.jpg,142,94,405,458,0.7278794507306707,48.57215869199142,0.6314043998718262
image_customer/61/61.jpg,78,24,145,124,0.7399414961756263,11.430214346196669,0.24045705795288086
