Image1,X1,Y1,W1,H1,ProcessingTime1,Image2,X2,Y2,W2,H2,ProcessingTime2
image_customer/1/1.jpg,87,84,132,159,0.6526970863342285,image_customer/1/1_2.jpg,178,114,267,312,0.5670065879821777
image_customer/1/1.jpg,87,84,132,159,0.5324032306671143,image_customer/1/1_3.jpg,249,118,187,234,0.5507645606994629
image_customer/1/1.jpg,87,84,132,159,0.5270018577575684,image_customer/1/1_4.jpg,359,276,273,349,0.5319693088531494
image_customer/1/1_2.jpg,178,114,267,312,0.5107874870300293,image_customer/1/1_3.jpg,249,118,187,234,0.5299532413482666
image_customer/1/1_2.jpg,178,114,267,312,0.5113065242767334,image_customer/1/1_4.jpg,359,276,273,349,0.8117256164550781
image_customer/1/1_3.jpg,249,118,187,234,0.8280642032623291,image_customer/1/1_4.jpg,359,276,273,349,0.8184871673583984
image_customer/10/10.jpg,214,164,322,417,0.7966187000274658,image_customer/10/10_2.jpg,181,96,211,263,0.6970512866973877
image_customer/10/10.jpg,214,164,322,417,0.5141396522521973,image_customer/10/10_3.jpg,234,103,125,166,0.5099258422851562
image_customer/10/10.jpg,214,164,322,417,0.5381550788879395,image_customer/10/10_4.jpg,79,80,142,189,0.5351176261901855
image_customer/10/10_2.jpg,181,96,211,263,0.5182318687438965,image_customer/10/10_3.jpg,234,103,125,166,0.5118846893310547
image_customer/10/10_2.jpg,181,96,211,263,0.5310852527618408,image_customer/10/10_4.jpg,79,80,142,189,0.5148031711578369
image_customer/10/10_3.jpg,234,103,125,166,0.5190582275390625,image_customer/10/10_4.jpg,79,80,142,189,0.5072269439697266
image_customer/11/11.jpg,98,14,86,117,0.5073671340942383,image_customer/11/11_2.jpg,243,39,141,199,0.5207946300506592
image_customer/11/11.jpg,98,14,86,117,0.5122988224029541,image_customer/11/11_3.jpg,285,77,232,293,0.509976863861084
image_customer/11/11.jpg,98,14,86,117,0.5175561904907227,image_customer/11/11_4.jpg,575,80,284,352,0.6058604717254639
image_customer/11/11_2.jpg,243,39,141,199,0.8067922592163086,image_customer/11/11_3.jpg,285,77,232,293,0.8252005577087402
image_customer/11/11_2.jpg,243,39,141,199,0.880415678024292,image_customer/11/11_4.jpg,575,80,284,352,0.8432114124298096
image_customer/11/11_3.jpg,285,77,232,293,0.7612400054931641,image_customer/11/11_4.jpg,575,80,284,352,0.7250890731811523
image_customer/12/12.jpg,109,61,128,159,0.8432834148406982,image_customer/12/12_2.jpg,73,73,118,153,0.8160741329193115
image_customer/12/12.jpg,109,61,128,159,0.8112070560455322,image_customer/12/12_4.jpg,116,87,139,179,0.5169992446899414
image_customer/12/12.jpg,109,61,128,159,0.5164320468902588,image_customer/12/12_3.jpg,71,53,94,122,0.5115714073181152
image_customer/12/12_2.jpg,73,73,118,153,0.5229909420013428,image_customer/12/12_4.jpg,116,87,139,179,0.5139737129211426
image_customer/12/12_2.jpg,73,73,118,153,0.5221512317657471,image_customer/12/12_3.jpg,71,53,94,122,0.5199499130249023
image_customer/12/12_4.jpg,116,87,139,179,0.5614111423492432,image_customer/12/12_3.jpg,71,53,94,122,0.5239462852478027
image_customer/13/13.jpg,281,53,137,180,0.5123329162597656,image_customer/13/13_4.jpg,244,41,186,253,0.569040060043335
image_customer/13/13.jpg,281,53,137,180,0.8056282997131348,image_customer/13/13_3.jpg,196,36,122,164,0.82541823387146
image_customer/13/13.jpg,281,53,137,180,0.8160362243652344,image_customer/13/13_2.jpg,218,98,175,222,0.7551469802856445
image_customer/13/13_4.jpg,244,41,186,253,0.7624237537384033,image_customer/13/13_3.jpg,196,36,122,164,0.569450855255127
image_customer/13/13_4.jpg,244,41,186,253,0.5129199028015137,image_customer/13/13_2.jpg,218,98,175,222,0.5204534530639648
image_customer/13/13_3.jpg,196,36,122,164,0.5089249610900879,image_customer/13/13_2.jpg,218,98,175,222,0.5181467533111572
image_customer/14/14.jpg,102,71,228,307,0.5095975399017334,image_customer/14/14_2.jpg,154,28,277,381,0.5196211338043213
image_customer/14/14.jpg,102,71,228,307,0.5105814933776855,image_customer/14/14_3.jpg,293,97,251,342,0.5213232040405273
image_customer/14/14.jpg,102,71,228,307,0.5074276924133301,image_customer/14/14_4.jpg,328,87,218,287,0.5129661560058594
image_customer/14/14_2.jpg,154,28,277,381,0.5195295810699463,image_customer/14/14_3.jpg,293,97,251,342,0.5118899345397949
image_customer/14/14_2.jpg,154,28,277,381,0.5223557949066162,image_customer/14/14_4.jpg,328,87,218,287,0.5141568183898926
image_customer/14/14_3.jpg,293,97,251,342,0.5183358192443848,image_customer/14/14_4.jpg,328,87,218,287,0.6867377758026123
image_customer/15/15.jpg,391,61,218,317,0.824019193649292,image_customer/15/15_2.jpg,207,74,224,299,0.8332409858703613
image_customer/15/15.jpg,391,61,218,317,0.7760674953460693,image_customer/15/15_3.jpg,266,55,148,208,0.7250804901123047
image_customer/15/15.jpg,391,61,218,317,0.509467601776123,image_customer/15/15_4.jpg,414,45,152,214,0.5136313438415527
image_customer/15/15_2.jpg,207,74,224,299,0.5177135467529297,image_customer/15/15_3.jpg,266,55,148,208,0.5416438579559326
image_customer/15/15_2.jpg,207,74,224,299,0.5183699131011963,image_customer/15/15_4.jpg,414,45,152,214,0.516648530960083
image_customer/15/15_3.jpg,266,55,148,208,0.5151429176330566,image_customer/15/15_4.jpg,414,45,152,214,0.5102760791778564
image_customer/16/16.jpg,184,118,170,248,0.5110139846801758,image_customer/16/16_2.jpg,355,15,236,347,0.5159444808959961
image_customer/16/16.jpg,184,118,170,248,0.5092887878417969,image_customer/16/16_3.jpg,177,48,122,172,0.5089271068572998
image_customer/16/16.jpg,184,118,170,248,0.5271384716033936,image_customer/16/16_4.jpg,113,15,71,99,0.5093686580657959
image_customer/16/16_2.jpg,355,15,236,347,0.5253419876098633,image_customer/16/16_3.jpg,177,48,122,172,0.5156924724578857
image_customer/16/16_2.jpg,355,15,236,347,0.6674535274505615,image_customer/16/16_4.jpg,113,15,71,99,0.83827805519104
image_customer/16/16_3.jpg,177,48,122,172,0.8329050540924072,image_customer/16/16_4.jpg,113,15,71,99,0.8255209922790527
image_customer/17/17.jpg,265,126,269,377,0.772406816482544,image_customer/17/17_2.jpg,376,88,171,238,0.5104250907897949
image_customer/17/17.jpg,265,126,269,377,0.5275349617004395,image_customer/17/17_3.jpg,156,47,139,199,0.52085280418396
image_customer/17/17.jpg,265,126,269,377,0.5098037719726562,image_customer/17/17_4.jpg,78,42,105,149,0.5205972194671631
image_customer/17/17_2.jpg,376,88,171,238,0.5024862289428711,image_customer/17/17_3.jpg,156,47,139,199,0.5226337909698486
image_customer/17/17_2.jpg,376,88,171,238,0.5131897926330566,image_customer/17/17_4.jpg,78,42,105,149,0.5250368118286133
image_customer/17/17_3.jpg,156,47,139,199,0.5086765289306641,image_customer/17/17_4.jpg,78,42,105,149,0.5233070850372314
image_customer/18/18.jpg,373,85,718,890,0.5187134742736816,image_customer/18/18_2.jpg,337,229,556,694,0.5123512744903564
image_customer/18/18.jpg,373,85,718,890,0.5355665683746338,image_customer/18/18_3.jpg,102,54,168,207,0.5206949710845947
image_customer/18/18.jpg,373,85,718,890,0.8067581653594971,image_customer/18/18_4.jpg,491,95,356,464,0.8106694221496582
image_customer/18/18_2.jpg,337,229,556,694,0.8362762928009033,image_customer/18/18_3.jpg,102,54,168,207,0.7785360813140869
image_customer/18/18_2.jpg,337,229,556,694,0.7657032012939453,image_customer/18/18_4.jpg,491,95,356,464,0.5301151275634766
image_customer/18/18_3.jpg,102,54,168,207,0.5129561424255371,image_customer/18/18_4.jpg,491,95,356,464,0.5046367645263672
image_customer/19/19.jpg,508,142,345,486,0.510540246963501,image_customer/19/19_2.jpg,406,108,240,335,0.5204699039459229
image_customer/19/19.jpg,508,142,345,486,0.5038309097290039,image_customer/19/19_3.jpg,416,158,402,552,0.5021007061004639
image_customer/19/19.jpg,508,142,345,486,0.5208909511566162,image_customer/19/19_4.jpg,197,271,428,586,0.5157625675201416
image_customer/19/19_2.jpg,406,108,240,335,0.5012874603271484,image_customer/19/19_3.jpg,416,158,402,552,0.5167057514190674
image_customer/19/19_2.jpg,406,108,240,335,0.5043485164642334,image_customer/19/19_4.jpg,197,271,428,586,0.5198619365692139
image_customer/19/19_3.jpg,416,158,402,552,0.5058836936950684,image_customer/19/19_4.jpg,197,271,428,586,0.5271940231323242
image_customer/2/2.jpg,309,68,198,265,0.622793436050415,image_customer/2/2_2.jpg,196,35,153,222,0.8485329151153564
image_customer/2/2.jpg,309,68,198,265,0.823340654373169,image_customer/2/2_3.jpg,504,150,301,393,0.7910671234130859
image_customer/2/2.jpg,309,68,198,265,0.7711851596832275,image_customer/2/2_4.jpg,273,25,179,239,0.5165715217590332
image_customer/2/2_2.jpg,196,35,153,222,0.5196638107299805,image_customer/2/2_3.jpg,504,150,301,393,0.6382200717926025
image_customer/2/2_2.jpg,196,35,153,222,0.8284251689910889,image_customer/2/2_4.jpg,273,25,179,239,0.8265712261199951
image_customer/2/2_3.jpg,504,150,301,393,0.8156976699829102,image_customer/2/2_4.jpg,273,25,179,239,0.8095383644104004
image_customer/20/20.jpg,51,23,82,112,0.7589068412780762,image_customer/20/20_2.jpg,169,65,123,156,0.5200426578521729
image_customer/20/20.jpg,51,23,82,112,0.5013914108276367,image_customer/20/20_3.jpg,194,155,234,339,0.5081310272216797
image_customer/20/20.jpg,51,23,82,112,0.5161712169647217,image_customer/20/20_4.jpg,426,84,317,377,0.5017836093902588
image_customer/20/20_2.jpg,169,65,123,156,0.5161845684051514,image_customer/20/20_3.jpg,194,155,234,339,0.6989650726318359
image_customer/20/20_2.jpg,169,65,123,156,0.8349001407623291,image_customer/20/20_4.jpg,426,84,317,377,0.8089799880981445
image_customer/20/20_3.jpg,194,155,234,339,0.8322792053222656,image_customer/20/20_4.jpg,426,84,317,377,0.7717750072479248
image_customer/21/21.jpg,173,24,151,220,0.6130342483520508,image_customer/21/21_3.jpg,176,36,183,285,0.5096094608306885
image_customer/21/21.jpg,173,24,151,220,0.5183186531066895,image_customer/21/21_2.jpg,102,13,65,97,0.5222580432891846
image_customer/21/21.jpg,173,24,151,220,0.5064215660095215,image_customer/21/21_4.jpg,71,16,78,110,0.5510783195495605
image_customer/21/21_3.jpg,176,36,183,285,0.5103151798248291,image_customer/21/21_2.jpg,102,13,65,97,0.5218899250030518
image_customer/21/21_3.jpg,176,36,183,285,0.5061345100402832,image_customer/21/21_4.jpg,71,16,78,110,0.5144703388214111
image_customer/21/21_2.jpg,102,13,65,97,0.501542329788208,image_customer/21/21_4.jpg,71,16,78,110,0.5159709453582764
image_customer/22/22.jpg,71,28,55,78,0.5191173553466797,image_customer/22/22_3.jpg,479,109,160,234,0.5108959674835205
image_customer/22/22.jpg,71,28,55,78,0.5247435569763184,image_customer/22/]22_2.jpg,1283,219,556,808,0.7859172821044922
image_customer/22/22.jpg,71,28,55,78,0.812185525894165,image_customer/22/22_4.jpg,470,119,260,336,0.8476376533508301
image_customer/22/22_3.jpg,479,109,160,234,0.7755968570709229,image_customer/22/]22_2.jpg,1283,219,556,808,0.7576947212219238
image_customer/22/22_3.jpg,479,109,160,234,0.5532653331756592,image_customer/22/22_4.jpg,470,119,260,336,0.5016093254089355
image_customer/22/]22_2.jpg,1283,219,556,808,0.5230710506439209,image_customer/22/22_4.jpg,470,119,260,336,0.5086915493011475
image_customer/23/23.jpg,348,160,401,528,0.5121607780456543,image_customer/23/23_2.jpg,114,50,158,204,0.5213596820831299
image_customer/23/23.jpg,348,160,401,528,0.505413293838501,image_customer/23/23_3.jpg,829,81,246,343,0.5095539093017578
image_customer/23/23.jpg,348,160,401,528,0.5192298889160156,image_customer/23/23_4.jpg,517,69,165,215,0.5137386322021484
image_customer/23/23_2.jpg,114,50,158,204,0.5038926601409912,image_customer/23/23_3.jpg,829,81,246,343,0.5133585929870605
image_customer/23/23_2.jpg,114,50,158,204,0.5041568279266357,image_customer/23/23_4.jpg,517,69,165,215,0.5170564651489258
image_customer/23/23_3.jpg,829,81,246,343,0.500816822052002,image_customer/23/23_4.jpg,517,69,165,215,0.5144140720367432
image_customer/24/24.jpg,211,88,208,262,0.8028783798217773,image_customer/24/24_4.jpg,265,315,544,713,0.803797721862793
image_customer/24/24.jpg,211,88,208,262,0.7562465667724609,image_customer/24/24_2.jpg,117,28,41,53,0.5167236328125
image_customer/24/24.jpg,211,88,208,262,0.5022878646850586,image_customer/24/24_3.jpg,110,42,85,104,0.5019640922546387
image_customer/24/24_4.jpg,265,315,544,713,0.5196104049682617,image_customer/24/24_2.jpg,117,28,41,53,0.500551700592041
image_customer/24/24_4.jpg,265,315,544,713,0.5086793899536133,image_customer/24/24_3.jpg,110,42,85,104,0.5002455711364746
image_customer/24/24_2.jpg,117,28,41,53,0.514937162399292,image_customer/24/24_3.jpg,110,42,85,104,0.5038454532623291
image_customer/25/25.jpg,97,61,173,246,0.5343108177185059,image_customer/25/25_2.jpg,254,85,142,194,0.5156912803649902
image_customer/25/25.jpg,97,61,173,246,0.4987576007843017,image_customer/25/25_3.jpg,304,259,405,546,0.5079374313354492
image_customer/25/25.jpg,97,61,173,246,0.516216516494751,image_customer/25/25_4.jpg,704,168,424,578,0.5162019729614258
image_customer/25/25_2.jpg,254,85,142,194,0.7508165836334229,image_customer/25/25_3.jpg,304,259,405,546,0.8360228538513184
image_customer/25/25_2.jpg,254,85,142,194,0.8217599391937256,image_customer/25/25_4.jpg,704,168,424,578,0.8212704658508301
image_customer/25/25_3.jpg,304,259,405,546,0.7614362239837646,image_customer/25/25_4.jpg,704,168,424,578,0.7242188453674316
image_customer/26/26.jpg,271,226,574,821,0.5036656856536865,image_customer/26/26_2.jpg,221,67,158,225,0.5034940242767334
image_customer/26/26.jpg,271,226,574,821,0.5169734954833984,image_customer/26/26_3.jpg,281,85,210,316,0.5072166919708252
image_customer/26/26.jpg,271,226,574,821,0.5125396251678467,image_customer/26/26_4.jpg,960,534,797,1175,0.5063598155975342
image_customer/26/26_2.jpg,221,67,158,225,0.519711971282959,image_customer/26/26_3.jpg,281,85,210,316,0.5054898262023926
image_customer/26/26_2.jpg,221,67,158,225,0.518430233001709,image_customer/26/26_4.jpg,960,534,797,1175,0.5183186531066895
image_customer/26/26_3.jpg,281,85,210,316,0.5091683864593506,image_customer/26/26_4.jpg,960,534,797,1175,0.507465124130249
image_customer/27/27.jpg,219,92,272,399,0.5079662799835205,image_customer/27/27_2.jpg,154,138,334,458,0.7931795120239258
image_customer/27/27.jpg,219,92,272,399,0.8231241703033447,image_customer/27/27_3.jpg,105,103,168,242,0.8124463558197021
image_customer/27/27.jpg,219,92,272,399,0.7666270732879639,image_customer/27/27_4.jpg,119,134,272,384,0.5718390941619873
image_customer/27/27_2.jpg,154,138,334,458,0.5039491653442383,image_customer/27/27_3.jpg,105,103,168,242,0.5176825523376465
image_customer/27/27_2.jpg,154,138,334,458,0.5037839412689209,image_customer/27/27_4.jpg,119,134,272,384,0.5170331001281738
image_customer/27/27_3.jpg,105,103,168,242,0.504004955291748,image_customer/27/27_4.jpg,119,134,272,384,0.5142927169799805
image_customer/28/28.jpg,292,91,258,290,0.5052671432495117,image_customer/28/28_2.jpg,206,43,184,198,0.5093364715576172
image_customer/28/28.jpg,292,91,258,290,0.5168085098266602,image_customer/28/28_3.jpg,71,19,115,133,0.5209236145019531
image_customer/28/28.jpg,292,91,258,290,0.5213484764099121,image_customer/28/28_4.jpg,393,95,310,313,0.5202224254608154
image_customer/28/28_2.jpg,206,43,184,198,0.4997706413269043,image_customer/28/28_3.jpg,71,19,115,133,0.5146090984344482
image_customer/28/28_2.jpg,206,43,184,198,0.5028176307678223,image_customer/28/28_4.jpg,393,95,310,313,0.5966887474060059
image_customer/28/28_3.jpg,71,19,115,133,0.8002996444702148,image_customer/28/28_4.jpg,393,95,310,313,0.8480885028839111
image_customer/29/29.jpg,112,252,416,516,0.848320484161377,image_customer/29/29_3.jpg,546,148,137,183,0.7751250267028809
image_customer/29/29.jpg,112,252,416,516,0.6132380962371826,image_customer/29/29_4.jpg,52,97,201,274,0.5059504508972168
image_customer/29/29.jpg,112,252,416,516,0.518641471862793,image_customer/29/29_2.jpg,233,53,81,116,0.5045950412750244
image_customer/29/29_3.jpg,546,148,137,183,0.5171139240264893,image_customer/29/29_4.jpg,52,97,201,274,0.5041403770446777
image_customer/29/29_3.jpg,546,148,137,183,0.5184168815612793,image_customer/29/29_2.jpg,233,53,81,116,0.5038635730743408
image_customer/29/29_4.jpg,52,97,201,274,0.5180485248565674,image_customer/29/29_2.jpg,233,53,81,116,0.5040216445922852
image_customer/3/3.jpg,198,55,102,146,0.5107407569885254,image_customer/3/3_2.jpg,148,78,147,213,0.5127308368682861
image_customer/3/3.jpg,198,55,102,146,0.5101790428161621,image_customer/3/3_3.jpg,54,22,95,120,0.511077880859375
image_customer/3/3.jpg,198,55,102,146,0.5077886581420898,image_customer/3/3_4.jpg,78,271,316,420,0.5068907737731934
image_customer/3/3_2.jpg,148,78,147,213,0.5689914226531982,image_customer/3/3_3.jpg,54,22,95,120,0.8299884796142578
image_customer/3/3_2.jpg,148,78,147,213,0.83135986328125,image_customer/3/3_4.jpg,78,271,316,420,0.8397164344787598
image_customer/3/3_3.jpg,54,22,95,120,0.8197822570800781,image_customer/3/3_4.jpg,78,271,316,420,0.7532076835632324
image_customer/30/30.jpg,168,141,227,294,0.5260448455810547,image_customer/30/30_2.jpg,52,47,97,129,0.5034875869750977
image_customer/30/30.jpg,168,141,227,294,0.5183026790618896,image_customer/30/30_3.jpg,61,51,92,133,0.4973073005676269
image_customer/30/30.jpg,168,141,227,294,0.521597146987915,image_customer/30/30_4.jpg,45,57,96,142,0.512660026550293
image_customer/30/30_2.jpg,52,47,97,129,0.5213479995727539,image_customer/30/30_3.jpg,61,51,92,133,0.5005006790161133
image_customer/30/30_2.jpg,52,47,97,129,0.5186994075775146,image_customer/30/30_4.jpg,45,57,96,142,0.5025103092193604
image_customer/30/30_3.jpg,61,51,92,133,0.5167453289031982,image_customer/30/30_4.jpg,45,57,96,142,0.514103889465332
image_customer/31/31.jpg,560,87,291,389,0.525707483291626,image_customer/31/31_2.jpg,407,157,243,314,0.5046653747558594
image_customer/31/31.jpg,560,87,291,389,0.5175175666809082,image_customer/31/31_3.jpg,199,168,403,522,0.5747466087341309
image_customer/31/31.jpg,560,87,291,389,0.8243639469146729,image_customer/31/31_4.jpg,34,75,112,128,0.8007044792175293
image_customer/31/31_2.jpg,407,157,243,314,0.8173670768737793,image_customer/31/31_3.jpg,199,168,403,522,0.7934505939483643
image_customer/31/31_2.jpg,407,157,243,314,0.7857728004455566,image_customer/31/31_4.jpg,34,75,112,128,0.5818896293640137
image_customer/31/31_3.jpg,199,168,403,522,0.5127277374267578,image_customer/31/31_4.jpg,34,75,112,128,0.5006749629974365
image_customer/32/32.jpg,163,125,253,347,0.5085065364837646,image_customer/32/32_3.jpg,33,44,110,156,0.5174582004547119
image_customer/32/32.jpg,163,125,253,347,0.5007081031799316,image_customer/32/32_2.jpg,290,72,174,237,0.5089867115020752
image_customer/32/32.jpg,163,125,253,347,0.5185465812683105,image_customer/32/32_4.jpg,197,58,105,145,0.5008578300476074
image_customer/32/32_3.jpg,33,44,110,156,0.522660493850708,image_customer/32/32_2.jpg,290,72,174,237,0.5020015239715576
image_customer/32/32_3.jpg,33,44,110,156,0.5216565132141113,image_customer/32/32_4.jpg,197,58,105,145,0.4960911273956299
image_customer/32/32_2.jpg,290,72,174,237,0.5202107429504395,image_customer/32/32_4.jpg,197,58,105,145,0.5017917156219482
image_customer/33/33.jpg,40,41,117,157,0.5519530773162842,image_customer/33/33_2.jpg,201,130,228,322,0.7238864898681641
image_customer/33/33.jpg,40,41,117,157,0.8844847679138184,image_customer/33/33_4.jpg,321,190,317,438,0.8685810565948486
image_customer/33/33.jpg,40,41,117,157,0.8092050552368164,image_customer/33/33_3.jpg,36,47,100,143,0.7245743274688721
image_customer/33/33_2.jpg,201,130,228,322,0.5548932552337646,image_customer/33/33_4.jpg,321,190,317,438,0.5480911731719971
image_customer/33/33_2.jpg,201,130,228,322,0.5502660274505615,image_customer/33/33_3.jpg,36,47,100,143,0.5402722358703613
image_customer/33/33_4.jpg,321,190,317,438,0.55269455909729,image_customer/33/33_3.jpg,36,47,100,143,0.5510265827178955
image_customer/34/34.jpg,56,54,74,104,0.5531988143920898,image_customer/34/34_2.jpg,105,26,73,97,0.5541346073150635
image_customer/34/34.jpg,56,54,74,104,0.5663964748382568,image_customer/34/34_3.jpg,514,149,278,387,0.5426442623138428
image_customer/34/34.jpg,56,54,74,104,0.5595996379852295,image_customer/34/34_4.jpg,298,331,583,759,0.5707075595855713
image_customer/34/34_2.jpg,105,26,73,97,0.5464377403259277,image_customer/34/34_3.jpg,514,149,278,387,0.5492603778839111
image_customer/34/34_2.jpg,105,26,73,97,0.556779146194458,image_customer/34/34_4.jpg,298,331,583,759,0.8345155715942383
image_customer/34/34_3.jpg,514,149,278,387,0.8709666728973389,image_customer/34/34_4.jpg,298,331,583,759,0.8816568851470947
image_customer/35/35.jpg,102,151,384,553,0.8500187397003174,image_customer/35/35_2.jpg,270,276,872,1162,0.5646793842315674
image_customer/35/35.jpg,102,151,384,553,0.5392334461212158,image_customer/35/35_3.jpg,224,141,211,287,0.5404481887817383
image_customer/35/35.jpg,102,151,384,553,0.5551886558532715,image_customer/35/35_4.jpg,931,823,1367,1847,0.5570189952850342
image_customer/35/35_2.jpg,270,276,872,1162,0.5650119781494141,image_customer/35/35_3.jpg,224,141,211,287,0.5443873405456543
image_customer/35/35_2.jpg,270,276,872,1162,0.5597069263458252,image_customer/35/35_4.jpg,931,823,1367,1847,0.5616326332092285
image_customer/35/35_3.jpg,224,141,211,287,0.5382022857666016,image_customer/35/35_4.jpg,931,823,1367,1847,0.5464773178100586
image_customer/36/36.jpg,207,31,103,143,0.5649964809417725,image_customer/36/36_2.jpg,71,39,69,98,0.5060379505157471
image_customer/36/36.jpg,207,31,103,143,0.6108429431915283,image_customer/36/36_3.jpg,859,280,224,326,0.8120572566986084
image_customer/36/36.jpg,207,31,103,143,0.8315298557281494,image_customer/36/36_4.jpg,134,32,69,92,0.8141002655029297
image_customer/36/36_2.jpg,71,39,69,98,0.7625527381896973,image_customer/36/36_3.jpg,859,280,224,326,0.587731122970581
image_customer/36/36_2.jpg,71,39,69,98,0.5172362327575684,image_customer/36/36_4.jpg,134,32,69,92,0.5001447200775146
image_customer/36/36_3.jpg,859,280,224,326,0.5193572044372559,image_customer/36/36_4.jpg,134,32,69,92,0.5023648738861084
image_customer/37/37.jpg,489,147,590,923,0.524787425994873,image_customer/37/37_2.jpg,325,134,152,219,0.517641544342041
image_customer/37/37.jpg,489,147,590,923,0.5071327686309814,image_customer/37/37_3.jpg,83,0,102,122,0.5064036846160889
image_customer/37/37.jpg,489,147,590,923,0.51888108253479,image_customer/37/37_4.jpg,118,24,83,107,0.5057744979858398
image_customer/37/37_2.jpg,325,134,152,219,0.5206372737884521,image_customer/37/37_3.jpg,83,0,102,122,0.5010769367218018
image_customer/37/37_2.jpg,325,134,152,219,0.5495436191558838,image_customer/37/37_4.jpg,118,24,83,107,0.506213903427124
image_customer/37/37_3.jpg,83,0,102,122,0.5146558284759521,image_customer/37/37_4.jpg,118,24,83,107,0.4996845722198486
image_customer/38/38.jpg,108,24,74,102,0.8075668811798096,image_customer/38/38_2.jpg,125,21,134,165,0.8171415328979492
image_customer/38/38.jpg,108,24,74,102,0.8087105751037598,image_customer/38/38_3.jpg,178,80,244,302,0.5185081958770752
image_customer/38/38.jpg,108,24,74,102,0.5094974040985107,image_customer/38/38_4.jpg,44,50,80,98,0.5126233100891113
image_customer/38/38_2.jpg,125,21,134,165,0.5204856395721436,image_customer/38/38_3.jpg,178,80,244,302,0.5035898685455322
image_customer/38/38_2.jpg,125,21,134,165,0.5122678279876709,image_customer/38/38_4.jpg,44,50,80,98,0.5242207050323486
image_customer/38/38_3.jpg,178,80,244,302,0.6507136821746826,image_customer/38/38_4.jpg,44,50,80,98,0.8192188739776611
image_customer/39/39.jpg,255,67,214,303,0.8159301280975342,image_customer/39/39_2.jpg,595,281,355,472,0.8327808380126953
image_customer/39/39.jpg,255,67,214,303,0.8951632976531982,image_customer/39/39_4.jpg,505,56,213,279,0.905287265777588
image_customer/39/39.jpg,255,67,214,303,0.8103499412536621,image_customer/39/39_3.jpg,322,421,701,902,0.7779507637023926
image_customer/39/39_2.jpg,595,281,355,472,0.6879010200500488,image_customer/39/39_4.jpg,505,56,213,279,0.5073604583740234
image_customer/39/39_2.jpg,595,281,355,472,0.5127782821655273,image_customer/39/39_3.jpg,322,421,701,902,0.5055422782897949
image_customer/39/39_4.jpg,505,56,213,279,0.5178296566009521,image_customer/39/39_3.jpg,322,421,701,902,0.5087227821350098
image_customer/4/4.jpg,352,123,243,342,0.5048389434814453,image_customer/4/4_2.jpg,283,133,258,360,0.5043430328369141
image_customer/4/4.jpg,352,123,243,342,0.5138921737670898,image_customer/4/4_3.jpg,352,96,193,287,0.5069794654846191
image_customer/4/4.jpg,352,123,243,342,0.5233163833618164,image_customer/4/4_4.jpg,173,34,262,379,0.5162808895111084
image_customer/4/4_2.jpg,283,133,258,360,0.5021276473999023,image_customer/4/4_3.jpg,352,96,193,287,0.5432782173156738
image_customer/4/4_2.jpg,283,133,258,360,0.5385839939117432,image_customer/4/4_4.jpg,173,34,262,379,0.5372943878173828
image_customer/4/4_3.jpg,352,96,193,287,0.5790143013000488,image_customer/4/4_4.jpg,173,34,262,379,0.8102188110351562
image_customer/40/40.jpg,65,52,83,115,0.8157765865325928,image_customer/40/40_2.jpg,204,52,138,183,0.7945022583007812
image_customer/40/40.jpg,65,52,83,115,0.7650871276855469,image_customer/40/40_3.jpg,327,278,557,771,0.5094742774963379
image_customer/40/40.jpg,65,52,83,115,0.5270044803619385,image_customer/40/40_4.jpg,424,286,459,598,0.509678840637207
image_customer/40/40_2.jpg,204,52,138,183,0.5124785900115967,image_customer/40/40_3.jpg,327,278,557,771,0.5050849914550781
image_customer/40/40_2.jpg,204,52,138,183,0.5103280544281006,image_customer/40/40_4.jpg,424,286,459,598,0.5145363807678223
image_customer/40/40_3.jpg,327,278,557,771,0.5306572914123535,image_customer/40/40_4.jpg,424,286,459,598,0.527463436126709
image_customer/41/41.jpg,120,86,216,325,0.5122830867767334,image_customer/41/41_2.jpg,111,144,312,466,0.5188498497009277
image_customer/41/41.jpg,120,86,216,325,0.5029618740081787,image_customer/41/41_3.jpg,760,351,657,963,0.5038278102874756
image_customer/41/41.jpg,120,86,216,325,0.5155467987060547,image_customer/41/41_4.jpg,152,166,368,490,0.8006589412689209
image_customer/41/41_2.jpg,111,144,312,466,0.8169779777526855,image_customer/41/41_3.jpg,760,351,657,963,0.8062548637390137
image_customer/41/41_2.jpg,111,144,312,466,0.8179938793182373,image_customer/41/41_4.jpg,152,166,368,490,0.7686135768890381
image_customer/41/41_3.jpg,760,351,657,963,0.7059042453765869,image_customer/41/41_4.jpg,152,166,368,490,0.4968202114105224
image_customer/42/42.jpg,60,33,94,133,0.5022633075714111,image_customer/42/42_2.jpg,267,57,137,191,0.5156409740447998
image_customer/42/42.jpg,60,33,94,133,0.5130832195281982,image_customer/42/42_3.jpg,349,74,234,324,0.5174527168273926
image_customer/42/42.jpg,60,33,94,133,0.5044097900390625,image_customer/42/42_4.jpg,288,207,410,586,0.5055148601531982
image_customer/42/42_2.jpg,267,57,137,191,0.5158958435058594,image_customer/42/42_3.jpg,349,74,234,324,0.5056941509246826
image_customer/42/42_2.jpg,267,57,137,191,0.5248744487762451,image_customer/42/42_4.jpg,288,207,410,586,0.5012047290802002
image_customer/42/42_3.jpg,349,74,234,324,0.5128564834594727,image_customer/42/42_4.jpg,288,207,410,586,0.5052049160003662
image_customer/43/43.jpg,64,82,282,443,0.4992094039916992,image_customer/43/43_2.jpg,289,193,435,654,0.5086157321929932
image_customer/43/43.jpg,64,82,282,443,0.6494712829589844,image_customer/43/43_3.jpg,89,71,183,272,0.8704919815063477
image_customer/43/43.jpg,64,82,282,443,0.8093676567077637,image_customer/43/43_4.jpg,172,37,133,191,0.779348611831665
image_customer/43/43_2.jpg,289,193,435,654,0.7600071430206299,image_customer/43/43_3.jpg,89,71,183,272,0.5922441482543945
image_customer/43/43_2.jpg,289,193,435,654,0.5155391693115234,image_customer/43/43_4.jpg,172,37,133,191,0.5175795555114746
image_customer/43/43_3.jpg,89,71,183,272,0.5092449188232422,image_customer/43/43_4.jpg,172,37,133,191,0.5130746364593506
image_customer/44/44.jpg,284,348,700,1043,0.513970136642456,image_customer/44/44_2.jpg,81,71,192,254,0.5150225162506104
image_customer/44/44.jpg,284,348,700,1043,0.5097494125366211,image_customer/44/44_3.jpg,90,472,519,779,0.5240483283996582
image_customer/44/44.jpg,284,348,700,1043,0.508098840713501,image_customer/44/44_4.jpg,912,449,755,1063,0.5040433406829834
image_customer/44/44_2.jpg,81,71,192,254,0.5210683345794678,image_customer/44/44_3.jpg,90,472,519,779,0.5168991088867188
image_customer/44/44_2.jpg,81,71,192,254,0.5065784454345703,image_customer/44/44_4.jpg,912,449,755,1063,0.5221831798553467
image_customer/44/44_3.jpg,90,472,519,779,0.6380951404571533,image_customer/44/44_4.jpg,912,449,755,1063,0.8275103569030762
image_customer/45/45.jpg,110,71,170,280,0.8366093635559082,image_customer/45/45_2.jpg,753,131,246,393,0.7765650749206543
image_customer/45/45.jpg,110,71,170,280,0.6733505725860596,image_customer/45/45_3.jpg,177,141,354,528,0.5102732181549072
image_customer/45/45.jpg,110,71,170,280,0.504486083984375,image_customer/45/45_4.jpg,165,24,62,100,0.5102849006652832
image_customer/45/45_2.jpg,753,131,246,393,0.5120761394500732,image_customer/45/45_3.jpg,177,141,354,528,0.5067827701568604
image_customer/45/45_2.jpg,753,131,246,393,0.5184578895568848,image_customer/45/45_4.jpg,165,24,62,100,0.5052022933959961
image_customer/45/45_3.jpg,177,141,354,528,0.5163476467132568,image_customer/45/45_4.jpg,165,24,62,100,0.5083827972412109
image_customer/46/46.jpg,260,74,265,424,0.5043470859527588,image_customer/46/46_3.jpg,334,122,476,683,0.5113482475280762
image_customer/46/46.jpg,260,74,265,424,0.5134904384613037,image_customer/46/46_4.jpg,564,151,335,475,0.5162961483001709
image_customer/46/46.jpg,260,74,265,424,0.5035951137542725,image_customer/46/46_2.jpg,118,32,65,92,0.5328514575958252
image_customer/46/46_3.jpg,334,122,476,683,0.8016235828399658,image_customer/46/46_4.jpg,564,151,335,475,0.823655366897583
image_customer/46/46_3.jpg,334,122,476,683,0.8077640533447266,image_customer/46/46_2.jpg,118,32,65,92,0.8298749923706055
image_customer/46/46_4.jpg,564,151,335,475,0.7641470432281494,image_customer/46/46_2.jpg,118,32,65,92,0.7398293018341064
image_customer/47/47.jpg,122,110,243,342,0.5136592388153076,image_customer/47/47_2.jpg,207,52,90,123,0.5250885486602783
image_customer/47/47.jpg,122,110,243,342,0.5213615894317627,image_customer/47/47_3.jpg,405,101,202,287,0.5153508186340332
image_customer/47/47.jpg,122,110,243,342,0.5110089778900146,image_customer/47/47_4.jpg,325,174,474,677,0.5156590938568115
image_customer/47/47_2.jpg,207,52,90,123,0.5271146297454834,image_customer/47/47_3.jpg,405,101,202,287,0.5090320110321045
image_customer/47/47_2.jpg,207,52,90,123,0.5200798511505127,image_customer/47/47_4.jpg,325,174,474,677,0.5079350471496582
image_customer/47/47_3.jpg,405,101,202,287,0.5222611427307129,image_customer/47/47_4.jpg,325,174,474,677,0.5090305805206299
image_customer/48/48.jpg,109,35,310,376,0.5019791126251221,image_customer/48/48_3.jpg,709,252,658,925,0.5193450450897217
image_customer/48/48.jpg,109,35,310,376,0.6630659103393555,image_customer/48/48_2.jpg,78,-13,103,138,0.8288774490356445
image_customer/48/48.jpg,109,35,310,376,0.8148283958435059,image_customer/48/48_4.jpg,525,80,237,326,0.7734928131103516
image_customer/48/48_3.jpg,709,252,658,925,0.6710948944091797,image_customer/48/48_2.jpg,78,-13,103,138,0.51255202293396
image_customer/48/48_3.jpg,709,252,658,925,0.5102338790893555,image_customer/48/48_4.jpg,525,80,237,326,0.5259079933166504
image_customer/48/48_2.jpg,78,-13,103,138,0.5084357261657715,image_customer/48/48_4.jpg,525,80,237,326,0.5196752548217773
image_customer/49/49.jpg,244,79,269,405,0.5146534442901611,image_customer/49/49_4.jpg,50,43,156,218,0.5037202835083008
image_customer/49/49.jpg,244,79,269,405,0.5258159637451172,image_customer/49/49_3.jpg,413,91,274,374,0.5157186985015869
image_customer/49/49.jpg,244,79,269,405,0.503309965133667,image_customer/49/49_2.jpg,64,27,86,127,0.5017166137695312
image_customer/49/49_4.jpg,50,43,156,218,0.5291731357574463,image_customer/49/49_3.jpg,413,91,274,374,0.5052604675292969
image_customer/49/49_4.jpg,50,43,156,218,0.5192532539367676,image_customer/49/49_2.jpg,64,27,86,127,0.5050954818725586
image_customer/49/49_3.jpg,413,91,274,374,0.5456879138946533,image_customer/49/49_2.jpg,64,27,86,127,0.7867910861968994
image_customer/5/5.jpg,282,292,596,805,0.520829439163208,image_customer/5/5_2.jpg,208,38,175,239,0.5106077194213867
image_customer/5/5.jpg,282,292,596,805,0.5204262733459473,image_customer/5/5_3.jpg,147,27,139,194,0.5274801254272461
image_customer/5/5.jpg,282,292,596,805,0.5087573528289795,image_customer/5/5_4.jpg,235,77,210,258,0.5140454769134521
image_customer/5/5_2.jpg,208,38,175,239,0.4982485771179199,image_customer/5/5_3.jpg,147,27,139,194,0.516448974609375
image_customer/5/5_2.jpg,208,38,175,239,0.5069310665130615,image_customer/5/5_4.jpg,235,77,210,258,0.5164909362792969
image_customer/5/5_3.jpg,147,27,139,194,0.5024244785308838,image_customer/5/5_4.jpg,235,77,210,258,0.5278208255767822
image_customer/50/50.jpg,33,47,69,90,0.5035305023193359,image_customer/50/50_2.jpg,341,82,164,215,0.805443525314331
image_customer/50/50.jpg,33,47,69,90,0.8423492908477783,image_customer/50/50_3.jpg,339,141,224,296,0.8439116477966309
image_customer/50/50.jpg,33,47,69,90,0.7589321136474609,image_customer/50/50_4.jpg,191,58,133,171,0.5186741352081299
image_customer/50/50_2.jpg,341,82,164,215,0.5035700798034668,image_customer/50/50_3.jpg,339,141,224,296,0.5199933052062988
image_customer/50/50_2.jpg,341,82,164,215,0.5096871852874756,image_customer/50/50_4.jpg,191,58,133,171,0.515587329864502
image_customer/50/50_3.jpg,339,141,224,296,0.5162568092346191,image_customer/50/50_4.jpg,191,58,133,171,0.5147485733032227
image_customer/51/51.jpg,176,173,248,319,0.5163187980651855,image_customer/51/51_2.jpg,407,80,402,519,0.5224804878234863
image_customer/51/51.jpg,176,173,248,319,0.5074355602264404,image_customer/51/51_3.jpg,208,48,148,195,0.5026662349700928
image_customer/51/51.jpg,176,173,248,319,0.5111579895019531,image_customer/51/51_4.jpg,70,59,107,137,0.5217897891998291
image_customer/51/51_2.jpg,407,80,402,519,0.5043594837188721,image_customer/51/51_3.jpg,208,48,148,195,0.5200488567352295
image_customer/51/51_2.jpg,407,80,402,519,0.786205530166626,image_customer/51/51_4.jpg,70,59,107,137,0.8212518692016602
image_customer/51/51_3.jpg,208,48,148,195,0.81241774559021,image_customer/51/51_4.jpg,70,59,107,137,0.8179454803466797
image_customer/52/52.jpg,166,120,285,387,0.7843503952026367,image_customer/52/52_2.jpg,331,196,181,237,0.5174944400787354
image_customer/52/52.jpg,166,120,285,387,0.5007021427154541,image_customer/52/52_4.jpg,733,214,374,492,0.5062863826751709
image_customer/52/52.jpg,166,120,285,387,0.5201537609100342,image_customer/52/52_3.jpg,156,146,325,430,0.5056533813476562
image_customer/52/52_2.jpg,331,196,181,237,0.5332796573638916,image_customer/52/52_4.jpg,733,214,374,492,0.515899658203125
image_customer/52/52_2.jpg,331,196,181,237,0.5198054313659668,image_customer/52/52_3.jpg,156,146,325,430,0.509674072265625
image_customer/52/52_4.jpg,733,214,374,492,0.5157666206359863,image_customer/52/52_3.jpg,156,146,325,430,0.509000301361084
image_customer/53/53.jpg,424,76,208,321,0.5043103694915771,image_customer/53/53_2.jpg,45,16,68,103,0.5213513374328613
image_customer/53/53.jpg,424,76,208,321,0.5068502426147461,image_customer/53/53_3.jpg,735,95,276,401,0.7532906532287598
image_customer/53/53.jpg,424,76,208,321,0.8368842601776123,image_customer/53/53_4.jpg,756,100,443,658,0.8232483863830566
image_customer/53/53_2.jpg,45,16,68,103,0.7957544326782227,image_customer/53/53_3.jpg,735,95,276,401,0.7657480239868164
image_customer/53/53_2.jpg,45,16,68,103,0.5764460563659668,image_customer/53/53_4.jpg,756,100,443,658,0.5083010196685791
image_customer/53/53_3.jpg,735,95,276,401,0.5144786834716797,image_customer/53/53_4.jpg,756,100,443,658,0.5122811794281006
image_customer/54/54.jpg,270,71,167,210,0.523806095123291,image_customer/54/54_2.jpg,257,118,260,341,0.5192487239837646
image_customer/54/54.jpg,270,71,167,210,0.5022110939025879,image_customer/54/54_3.jpg,307,65,193,261,0.5265936851501465
image_customer/54/54.jpg,270,71,167,210,0.5013868808746338,image_customer/54/54_4.jpg,931,295,283,384,0.5058300495147705
image_customer/54/54_2.jpg,257,118,260,341,0.5204346179962158,image_customer/54/54_3.jpg,307,65,193,261,0.500316858291626
image_customer/54/54_2.jpg,257,118,260,341,0.529869556427002,image_customer/54/54_4.jpg,931,295,283,384,0.510796070098877
image_customer/54/54_3.jpg,307,65,193,261,0.5168347358703613,image_customer/54/54_4.jpg,931,295,283,384,0.5067451000213623
image_customer/55/55.jpg,194,19,217,297,0.776447057723999,image_customer/55/55_2.jpg,59,54,114,151,0.6223123073577881
image_customer/55/55.jpg,194,19,217,297,0.5149021148681641,image_customer/55/55_3.jpg,133,-15,166,223,0.5123329162597656
image_customer/55/55.jpg,194,19,217,297,0.5036110877990723,image_customer/55/55_4.jpg,769,227,694,980,0.5067498683929443
image_customer/55/55_2.jpg,59,54,114,151,0.522005558013916,image_customer/55/55_3.jpg,133,-15,166,223,0.5078108310699463
image_customer/55/55_2.jpg,59,54,114,151,0.515038251876831,image_customer/55/55_4.jpg,769,227,694,980,0.5074844360351562
image_customer/55/55_3.jpg,133,-15,166,223,0.52197265625,image_customer/55/55_4.jpg,769,227,694,980,0.5085358619689941
image_customer/56/56.jpg,60,54,97,138,0.5040056705474854,image_customer/56/56_2..jpg,468,94,271,404,0.5210297107696533
image_customer/56/56.jpg,60,54,97,138,0.5038671493530273,image_customer/56/56_3.jpg,113,99,163,233,0.5094449520111084
image_customer/56/56.jpg,60,54,97,138,0.5089826583862305,image_customer/56/56_4.jpg,273,266,596,866,0.8249363899230957
image_customer/56/56_2..jpg,468,94,271,404,0.8215084075927734,image_customer/56/56_3.jpg,113,99,163,233,0.8044750690460205
image_customer/56/56_2..jpg,468,94,271,404,0.7514591217041016,image_customer/56/56_4.jpg,273,266,596,866,0.5843594074249268
image_customer/56/56_3.jpg,113,99,163,233,0.5129621028900146,image_customer/56/56_4.jpg,273,266,596,866,0.4989762306213379
image_customer/57/57.jpg,74,116,224,281,0.5222339630126953,image_customer/57/57_3.jpg,42,39,130,163,0.5244119167327881
image_customer/57/57.jpg,74,116,224,281,0.5056443214416504,image_customer/57/57_2.jpg,729,240,457,603,0.8383214473724365
image_customer/57/57.jpg,74,116,224,281,0.8108005523681641,image_customer/57/57_4.jpg,51,42,110,145,0.8029956817626953
image_customer/57/57_3.jpg,42,39,130,163,0.7667930126190186,image_customer/57/57_2.jpg,729,240,457,603,0.6228370666503906
image_customer/57/57_3.jpg,42,39,130,163,0.5065250396728516,image_customer/57/57_4.jpg,51,42,110,145,0.5160531997680664
image_customer/57/57_2.jpg,729,240,457,603,0.5403411388397217,image_customer/57/57_4.jpg,51,42,110,145,0.5082123279571533
image_customer/58/58.jpg,68,34,84,124,0.5258359909057617,image_customer/58/58_3.jpg,153,74,167,250,0.5173404216766357
image_customer/58/58.jpg,68,34,84,124,0.4982640743255615,image_customer/58/58_2.jpg,57,55,75,100,0.5231540203094482
image_customer/58/58.jpg,68,34,84,124,0.4967877864837646,image_customer/58/58_4.jpg,890,82,288,409,0.5103693008422852
image_customer/58/58_3.jpg,153,74,167,250,0.5323553085327148,image_customer/58/58_2.jpg,57,55,75,100,0.5116846561431885
image_customer/58/58_3.jpg,153,74,167,250,0.5252342224121094,image_customer/58/58_4.jpg,890,82,288,409,0.5193192958831787
image_customer/58/58_2.jpg,57,55,75,100,0.5014200210571289,image_customer/58/58_4.jpg,890,82,288,409,0.6914851665496826
image_customer/59/59.jpg,215,199,196,281,0.8488447666168213,image_customer/59/59_3.jpg,57,88,176,249,0.8337454795837402
image_customer/59/59.jpg,215,199,196,281,0.783195972442627,image_customer/59/59_2.jpg,115,39,74,100,0.6440489292144775
image_customer/59/59.jpg,215,199,196,281,0.5120790004730225,image_customer/59/59_4.jpg,275,300,551,780,0.5150344371795654
image_customer/59/59_3.jpg,57,88,176,249,0.5209434032440186,image_customer/59/59_2.jpg,115,39,74,100,0.5403506755828857
image_customer/59/59_3.jpg,57,88,176,249,0.5173509120941162,image_customer/59/59_4.jpg,275,300,551,780,0.5189428329467773
image_customer/59/59_2.jpg,115,39,74,100,0.5081787109375,image_customer/59/59_4.jpg,275,300,551,780,0.5175104141235352
image_customer/6/6.jpg,86,123,202,232,0.5200908184051514,image_customer/6/6_3.jpg,199,110,159,201,0.5162491798400879
image_customer/6/6.jpg,86,123,202,232,0.5229232311248779,image_customer/6/6_2.jpg,241,53,128,160,0.8170590400695801
image_customer/6/6.jpg,86,123,202,232,0.8129172325134277,image_customer/6/6_4.jpg,216,120,231,320,0.8995859622955322
image_customer/6/6_3.jpg,199,110,159,201,0.7656712532043457,image_customer/6/6_2.jpg,241,53,128,160,0.6693553924560547
image_customer/6/6_3.jpg,199,110,159,201,0.5201292037963867,image_customer/6/6_4.jpg,216,120,231,320,0.5021843910217285
image_customer/6/6_2.jpg,241,53,128,160,0.5225174427032471,image_customer/6/6_4.jpg,216,120,231,320,0.5062971115112305
image_customer/60/60.jpg,215,323,234,336,0.5317542552947998,image_customer/60/60_2.jpg,1205,240,685,959,0.5193238258361816
image_customer/60/60.jpg,215,323,234,336,0.5033526420593262,image_customer/60/60_3.jpg,145,25,48,63,0.5176119804382324
image_customer/60/60.jpg,215,323,234,336,0.5099356174468994,image_customer/60/60_4.jpg,367,85,280,407,0.506716251373291
image_customer/60/60_2.jpg,1205,240,685,959,0.5257987976074219,image_customer/60/60_3.jpg,145,25,48,63,0.5386903285980225
image_customer/60/60_2.jpg,1205,240,685,959,0.5074260234832764,image_customer/60/60_4.jpg,367,85,280,407,0.5158658027648926
image_customer/60/60_3.jpg,145,25,48,63,0.7040987014770508,image_customer/60/60_4.jpg,367,85,280,407,0.8340559005737305
image_customer/61/61_2.jpg,152,28,147,218,0.83046555519104,image_customer/61/61_3.jpg,133,36,81,131,0.7821402549743652
image_customer/61/61_2.jpg,152,28,147,218,0.7685654163360596,image_customer/61/61_4.jpg,153,76,246,400,0.5159804821014404
image_customer/61/61_2.jpg,152,28,147,218,0.5073537826538086,image_customer/61/61.jpg,77,21,67,103,0.5197348594665527
image_customer/61/61_3.jpg,133,36,81,131,0.4978499412536621,image_customer/61/61_4.jpg,153,76,246,400,0.5272753238677979
image_customer/61/61_3.jpg,133,36,81,131,0.5120158195495605,image_customer/61/61.jpg,77,21,67,103,0.5454037189483643
image_customer/61/61_4.jpg,153,76,246,400,0.5214152336120605,image_customer/61/61.jpg,77,21,67,103,0.5190904140472412
image_customer/62/62_3.jpg,80,39,56,79,0.5193212032318115,image_customer/62/62.jpg,29,54,130,184,0.5069224834442139
image_customer/62/62_3.jpg,80,39,56,79,0.5211942195892334,image_customer/62/62_2.jpg,115,63,131,181,0.5225152969360352
image_customer/62/62_3.jpg,80,39,56,79,0.5045192241668701,image_customer/62/62_4.jpg,100,63,129,171,0.5011818408966064
image_customer/62/62.jpg,29,54,130,184,0.586554765701294,image_customer/62/62_2.jpg,115,63,131,181,0.8120815753936768
image_customer/62/62.jpg,29,54,130,184,0.8893599510192871,image_customer/62/62_4.jpg,100,63,129,171,1.0724883079528809
image_customer/62/62_2.jpg,115,63,131,181,1.066265106201172,image_customer/62/62_4.jpg,100,63,129,171,0.8778040409088135
image_customer/63/63.jpg,66,14,92,125,0.9404280185699464,image_customer/63/63_2.jpg,521,317,778,1146,0.5602231025695801
image_customer/63/63.jpg,66,14,92,125,0.6047637462615967,image_customer/63/63_3.jpg,165,78,166,230,0.8279836177825928
image_customer/63/63.jpg,66,14,92,125,0.7555279731750488,image_customer/63/63_4.jpg,72,31,68,94,0.6984434127807617
image_customer/63/63_2.jpg,521,317,778,1146,0.5797610282897949,image_customer/63/63_3.jpg,165,78,166,230,0.5136632919311523
image_customer/63/63_2.jpg,521,317,778,1146,0.5041253566741943,image_customer/63/63_4.jpg,72,31,68,94,0.5153656005859375
image_customer/63/63_3.jpg,165,78,166,230,0.5095744132995605,image_customer/63/63_4.jpg,72,31,68,94,0.5348241329193115
image_customer/64/64.jpg,72,42,78,113,0.5098671913146973,image_customer/64/64_2.jpg,333,319,338,473,0.5070173740386963
image_customer/64/64.jpg,72,42,78,113,0.5795540809631348,image_customer/64/64_3.jpg,76,25,53,72,0.8429510593414307
image_customer/64/64.jpg,72,42,78,113,0.8192775249481201,image_customer/64/64_4.jpg,958,103,179,242,0.7775468826293945
image_customer/64/64_2.jpg,333,319,338,473,0.7798712253570557,image_customer/64/64_3.jpg,76,25,53,72,0.5744466781616211
image_customer/64/64_2.jpg,333,319,338,473,0.517918586730957,image_customer/64/64_4.jpg,958,103,179,242,0.5129079818725586
image_customer/64/64_3.jpg,76,25,53,72,0.5187492370605469,image_customer/64/64_4.jpg,958,103,179,242,0.5039844512939453
image_customer/65/65.jpg,52,45,76,115,0.5075781345367432,image_customer/65/65_2.jpg,884,202,358,497,0.523998498916626
image_customer/65/65.jpg,52,45,76,115,0.510307788848877,image_customer/65/65_3.jpg,319,55,141,188,0.5233066082000732
image_customer/65/65.jpg,52,45,76,115,0.5453686714172363,image_customer/65/65_4.jpg,323,86,142,192,0.5097367763519287
image_customer/65/65_2.jpg,884,202,358,497,0.5237960815429688,image_customer/65/65_3.jpg,319,55,141,188,0.5030918121337891
image_customer/65/65_2.jpg,884,202,358,497,0.519458532333374,image_customer/65/65_4.jpg,323,86,142,192,0.5043950080871582
image_customer/65/65_3.jpg,319,55,141,188,0.5196554660797119,image_customer/65/65_4.jpg,323,86,142,192,0.5325436592102051
image_customer/66/66.jpg,47,56,86,137,0.8252789974212646,image_customer/66/66_2.jpg,84,23,60,87,0.8081662654876709
image_customer/66/66.jpg,47,56,86,137,0.8589625358581543,image_customer/66/66_3.jpg,356,90,222,349,0.7400527000427246
image_customer/66/66.jpg,47,56,86,137,0.5486972332000732,image_customer/66/66_4.jpg,389,91,220,347,0.5501365661621094
image_customer/66/66_2.jpg,84,23,60,87,0.5019700527191162,image_customer/66/66_3.jpg,356,90,222,349,0.5193076133728027
image_customer/66/66_2.jpg,84,23,60,87,0.5099310874938965,image_customer/66/66_4.jpg,389,91,220,347,0.5425024032592773
image_customer/66/66_3.jpg,356,90,222,349,0.5204002857208252,image_customer/66/66_4.jpg,389,91,220,347,0.5061423778533936
image_customer/67/67.jpg,52,87,75,110,0.5252184867858887,image_customer/67/67_2.jpg,323,245,385,578,0.5235321521759033
image_customer/67/67.jpg,52,87,75,110,0.5025990009307861,image_customer/67/67_3.jpg,30,43,88,127,0.5235381126403809
image_customer/67/67.jpg,52,87,75,110,0.5028388500213623,image_customer/67/67_4.jpg,602,169,494,734,0.509652853012085
image_customer/67/67_2.jpg,323,245,385,578,0.5220215320587158,image_customer/67/67_3.jpg,30,43,88,127,0.6642212867736816
image_customer/67/67_2.jpg,323,245,385,578,0.8270001411437988,image_customer/67/67_4.jpg,602,169,494,734,0.8321564197540283
image_customer/67/67_3.jpg,30,43,88,127,0.8074336051940918,image_customer/67/67_4.jpg,602,169,494,734,0.7806880474090576
image_customer/68/68.jpg,65,40,107,142,0.6784589290618896,image_customer/68/68_3.jpg,318,45,103,131,0.5208425521850586
image_customer/68/68.jpg,65,40,107,142,0.5114428997039795,image_customer/68/68_2.jpg,44,56,209,278,0.519329309463501
image_customer/68/68.jpg,65,40,107,142,0.5103950500488281,image_customer/68/68_4.jpg,115,58,136,169,0.506483793258667
image_customer/68/68_3.jpg,318,45,103,131,0.5180244445800781,image_customer/68/68_2.jpg,44,56,209,278,0.5060062408447266
image_customer/68/68_3.jpg,318,45,103,131,0.5197200775146484,image_customer/68/68_4.jpg,115,58,136,169,0.5047299861907959
image_customer/68/68_2.jpg,44,56,209,278,0.550694465637207,image_customer/68/68_4.jpg,115,58,136,169,0.5271854400634766
image_customer/69/69.jpg,64,31,102,148,0.5226550102233887,image_customer/69/69_4.jpg,449,149,317,411,0.5108339786529541
image_customer/69/69.jpg,64,31,102,148,0.7463283538818359,image_customer/69/69_3.jpg,53,51,193,270,0.8311145305633545
image_customer/69/69_4.jpg,449,149,317,411,0.5064008235931396,image_customer/69/69_3.jpg,53,51,193,270,0.519921064376831
image_customer/7/7.jpg,104,88,145,189,0.5240228176116943,image_customer/7/7_2.jpg,105,29,87,105,0.5093894004821777
image_customer/7/7.jpg,104,88,145,189,0.5234332084655762,image_customer/7/7_3.jpg,89,56,145,194,0.5546040534973145
image_customer/7/7.jpg,104,88,145,189,0.5083668231964111,image_customer/7/7_4.jpg,78,67,80,107,0.5196137428283691
image_customer/7/7_2.jpg,105,29,87,105,0.5078458786010742,image_customer/7/7_3.jpg,89,56,145,194,0.5159423351287842
image_customer/7/7_2.jpg,105,29,87,105,0.5052075386047363,image_customer/7/7_4.jpg,78,67,80,107,0.5191373825073242
image_customer/7/7_3.jpg,89,56,145,194,0.5027244091033936,image_customer/7/7_4.jpg,78,67,80,107,0.5215625762939453
image_customer/70/70.jpg,334,72,244,368,0.5253617763519287,image_customer/70/70_2.jpg,213,34,107,146,0.5448906421661377
image_customer/70/70.jpg,334,72,244,368,0.8069789409637451,image_customer/70/70_3.jpg,304,22,318,441,0.8252010345458984
image_customer/70/70.jpg,334,72,244,368,0.8229465484619141,image_customer/70/70_4.jpg,126,23,201,286,0.77801513671875
image_customer/70/70_2.jpg,213,34,107,146,0.7034807205200195,image_customer/70/70_3.jpg,304,22,318,441,0.4969701766967773
image_customer/70/70_2.jpg,213,34,107,146,0.5174152851104736,image_customer/70/70_4.jpg,126,23,201,286,0.5073995590209961
image_customer/70/70_3.jpg,304,22,318,441,0.5246148109436035,image_customer/70/70_4.jpg,126,23,201,286,0.5038728713989258
image_customer/71/71.jpg,199,158,279,400,0.5005218982696533,image_customer/71/71_2.jpg,1632,330,659,850,0.5119810104370117
image_customer/71/71.jpg,199,158,279,400,0.5214359760284424,image_customer/71/71_4.jpg,817,136,272,372,0.5192763805389404
image_customer/71/71.jpg,199,158,279,400,0.5050804615020752,image_customer/71/71_3.jpg,123,23,53,70,0.5041797161102295
image_customer/71/71_2.jpg,1632,330,659,850,0.5163209438323975,image_customer/71/71_4.jpg,817,136,272,372,0.5181906223297119
image_customer/71/71_2.jpg,1632,330,659,850,0.5045392513275146,image_customer/71/71_3.jpg,123,23,53,70,0.7672817707061768
image_customer/71/71_4.jpg,817,136,272,372,0.829380989074707,image_customer/71/71_3.jpg,123,23,53,70,0.8164386749267578
image_customer/72/72.jpg,195,624,540,791,0.7887141704559326,image_customer/72/72_2.jpg,488,647,834,1081,0.5953142642974854
image_customer/72/72.jpg,195,624,540,791,0.5071659088134766,image_customer/72/72_3.jpg,316,502,153,197,0.5090763568878174
image_customer/72/72.jpg,195,624,540,791,0.5201451778411865,image_customer/72/72_4.jpg,143,103,104,129,0.5076150894165039
image_customer/72/72_2.jpg,488,647,834,1081,0.524188756942749,image_customer/72/72_3.jpg,316,502,153,197,0.5067696571350098
image_customer/72/72_2.jpg,488,647,834,1081,0.5294671058654785,image_customer/72/72_4.jpg,143,103,104,129,0.5207235813140869
image_customer/72/72_3.jpg,316,502,153,197,0.5092194080352783,image_customer/72/72_4.jpg,143,103,104,129,0.5166633129119873
image_customer/8/8.jpg,35,74,107,129,0.5007421970367432,image_customer/8/8_2.jpg,247,64,82,102,0.5194644927978516
image_customer/8/8.jpg,35,74,107,129,0.5049402713775635,image_customer/8/8_3.jpg,241,64,160,205,0.5081377029418945
image_customer/8/8.jpg,35,74,107,129,0.5263454914093018,image_customer/8/8_4..jpg,488,187,244,312,0.661745548248291
image_customer/8/8_2.jpg,247,64,82,102,0.826887845993042,image_customer/8/8_3.jpg,241,64,160,205,0.8274509906768799
image_customer/8/8_2.jpg,247,64,82,102,0.8143904209136963,image_customer/8/8_4..jpg,488,187,244,312,0.8022713661193848
image_customer/8/8_3.jpg,241,64,160,205,0.7588000297546387,image_customer/8/8_4..jpg,488,187,244,312,0.6591017246246338
image_customer/9/9.jpg,216,55,122,172,0.5199623107910156,image_customer/9/9_3.jpg,387,374,627,891,0.5126965045928955
image_customer/9/9.jpg,216,55,122,172,0.5137717723846436,image_customer/9/9_2.jpg,117,31,74,95,0.522242546081543
image_customer/9/9.jpg,216,55,122,172,0.5068738460540771,image_customer/9/9_4.jpg,435,157,187,252,0.5158452987670898
image_customer/9/9_3.jpg,387,374,627,891,0.5195775032043457,image_customer/9/9_2.jpg,117,31,74,95,0.510566234588623
image_customer/9/9_3.jpg,387,374,627,891,0.5678389072418213,image_customer/9/9_4.jpg,435,157,187,252,0.8053603172302246
image_customer/9/9_2.jpg,117,31,74,95,0.8373034000396729,image_customer/9/9_4.jpg,435,157,187,252,0.8239412307739258
